VID,BID,file_type,org_filename,new_filename,folder_name
1002,1002,jpg,1002_1002.jpg,01-10-26-0250-0350-0060.1002.S.570528.jpg,102601
1005,1005,jpg,1005_1005.jpg,01-10-26-0250-0360-0040.1005.S.570529.jpg,102601
1007,1007,jpg,1007_1007.jpg,01-10-26-0250-0360-0080.1007.S.570530.jpg,102601
1008,1008,jpg,1008_1008.jpg,01-10-26-0250-0360-0100.1008.S.570531.jpg,102601
1009,1009,jpg,1009_1009.jpg,01-10-26-0250-0370-0010.1009.S.570532.jpg,102601
1010,1010,jpg,1010_1010.jpg,01-10-26-0250-0370-0040.1010.S.570533.jpg,102601
1013,1013,jpg,1013_1013.jpg,01-10-26-0250-0380-0020.1013.S.570534.jpg,102601
1017,1017,jpg,1017_1017.jpg,01-10-26-0250-0390-0040.1017.S.570535.jpg,102601
1026,1026,jpg,1026_1026.jpg,36-12-27-0270-0010-0000.1026.S.570536.jpg,122736
1029,1029,jpg,1029_1029.jpg,36-12-27-0270-0050-0020.1029.S.570537.jpg,122736
1030,1030,jpg,1030_1030.jpg,36-12-27-0270-0050-0030.1030.S.570538.jpg,122736
1036,1036,jpg,1036_1036.jpg,36-12-27-0270-0060-0050.1036.S.570539.jpg,122736
103,103,jpg,103_103.jpg,49-09-27-0014-5220-0030.103.S.570540.jpg,092749
1054,1054,jpg,1054_1054.jpg,36-12-27-0270-0130-0020.1054.S.570541.jpg,122736
1055,1055,jpg,1055_1055.jpg,36-12-27-0270-0130-0030.1055.S.570542.jpg,122736
1068,1068,jpg,1068_1068.jpg,36-12-27-0270-0140-0040.1068.S.570543.jpg,122736
1075,1075,jpg,1075_1075.jpg,39-11-26-0300-0000-0110.1075.S.570544.jpg,112639
110,110,jpg,110_110.jpg,49-09-27-0015-0000-0040.110.S.570545.jpg,092749
113,113,jpg,113_113.jpg,49-09-27-0015-0000-0070.113.S.570546.jpg,092749
114,114,jpg,114_114.jpg,49-09-27-0015-0000-0071.114.S.570547.jpg,092749
115,211403,jpg,115_211403.jpg,49-09-27-0015-0000-0080.211403.S.570548.jpg,092749
117,117,jpg,117_117.jpg,49-09-27-0015-0000-0100.117.S.570549.jpg,092749
11,11,jpg,11_11.jpg,13-08-24-0010-0000-0120.11.S.570550.jpg,082413
122,122,jpg,122_122.jpg,49-09-27-0015-0000-0130.122.S.570551.jpg,092749
124,124,jpg,124_124.jpg,49-09-27-0015-0000-0150.124.S.570552.jpg,092749
125,125,jpg,125_125.jpg,49-09-27-0015-0000-0160.125.S.570553.jpg,092749
126,126,jpg,126_126.jpg,49-09-27-0015-0000-0161.126.S.570554.jpg,092749
129,211158,jpg,129_211158.jpg,49-09-27-0015-0000-0172.211158.S.570555.jpg,092749
12,12,jpg,12_12.jpg,13-08-24-0010-0000-0130.12.S.570556.jpg,082413
130,130,jpg,130_130.jpg,49-09-27-0015-0000-0180.130.S.570557.jpg,092749
1326,1326,jpg,1326_1326.jpg,09-10-24-0351-0000-0001.1326.S.570558.jpg,102409
1331,1331,jpg,1331_1331.jpg,09-10-24-0351-0020-0020.1331.S.570559.jpg,102409
1333,1333,jpg,1333_1333.jpg,09-10-24-0351-0020-0040.1333.S.570560.jpg,102409
134,134,jpg,134_134.jpg,49-09-27-0015-0000-0200.134.S.570561.jpg,092749
135,135,jpg,135_135.jpg,49-09-27-0015-0000-0201.135.S.570562.jpg,092749
1366,1366,jpg,1366_1366.jpg,09-10-24-0351-0050-0030.1366.S.570563.jpg,102409
1367,1367,jpg,1367_1367.jpg,09-10-24-0351-0050-0040.1367.S.570564.jpg,102409
136,136,jpg,136_136.jpg,49-09-27-0015-0000-0210.136.S.570565.jpg,092749
1372,1372,jpg,1372_1372.jpg,09-10-24-0351-0050-0090.1372.S.570566.jpg,102409
1373,1373,jpg,1373_1373.jpg,09-10-24-0351-0050-0100.1373.S.570567.jpg,102409
1373,200133,jpg,1373_200133.jpg,09-10-24-0351-0050-0100.200133.S.570568.jpg,102409
1373,200134,jpg,1373_200134.jpg,09-10-24-0351-0050-0100.200134.S.570569.jpg,102409
138,138,jpg,138_138.jpg,49-09-27-0015-0000-0212.138.S.570570.jpg,092749
139,139,jpg,139_139.jpg,49-09-27-0015-0000-0220.139.S.570571.jpg,092749
140,140,jpg,140_140.jpg,49-09-27-0015-0000-0221.140.S.570572.jpg,092749
141,141,jpg,141_141.jpg,49-09-27-0015-0000-0230.141.S.570573.jpg,092749
1436,1436,jpg,1436_1436.jpg,09-10-24-0351-0120-0060.1436.S.570574.jpg,102409
143,143,jpg,143_143.jpg,49-09-27-0015-0000-0251.143.S.570575.jpg,092749
144,144,jpg,144_144.jpg,49-09-27-0015-0000-0252.144.S.570576.jpg,092749
1452,1452,jpg,1452_1452.jpg,39-11-26-0380-0010-0030.1452.S.570577.jpg,112639
1453,211179,jpg,1453_211179.jpg,39-11-26-0380-0010-0040.211179.S.570578.jpg,112639
1454,1454,jpg,1454_1454.jpg,39-11-26-0380-0010-0050.1454.S.570579.jpg,112639
1456,1456,jpg,1456_1456.jpg,39-11-26-0380-0010-0070.1456.S.570580.jpg,112639
1459,1459,jpg,1459_1459.jpg,39-11-26-0380-0010-0100.1459.S.570581.jpg,112639
145,145,jpg,145_145.jpg,49-09-27-0015-0000-0260.145.S.570582.jpg,092749
1460,1460,jpg,1460_1460.jpg,39-11-26-0380-0020-0010.1460.S.570583.jpg,112639
1461,1461,jpg,1461_1461.jpg,39-11-26-0380-0020-0020.1461.S.570584.jpg,112639
1462,1462,jpg,1462_1462.jpg,39-11-26-0380-0020-0030.1462.S.570585.jpg,112639
1468,1468,jpg,1468_1468.jpg,39-10-26-0380-0020-0090.1468.S.570586.jpg,102639
1469,1469,jpg,1469_1469.jpg,39-10-26-0380-0020-0100.1469.S.570587.jpg,102639
146,146,jpg,146_146.jpg,49-09-27-0015-0000-0261.146.S.570588.jpg,092749
1470,1470,jpg,1470_1470.jpg,39-10-26-0380-0020-0110.1470.S.570589.jpg,102639
1471,1471,jpg,1471_1471.jpg,39-10-26-0380-0020-0120.1471.S.570590.jpg,102639
1472,1472,jpg,1472_1472.jpg,39-10-26-0380-0020-0130.1472.S.570591.jpg,102639
1474,1474,jpg,1474_1474.jpg,39-10-26-0380-0020-0150.1474.S.570592.jpg,102639
1476,1476,jpg,1476_1476.jpg,39-10-26-0380-0020-0170.1476.S.570593.jpg,102639
1478,1478,jpg,1478_1478.jpg,39-10-26-0380-0020-0190.1478.S.570594.jpg,102639
1479,1479,jpg,1479_1479.jpg,39-10-26-0380-0020-0200.1479.S.570595.jpg,102639
1483,1483,jpg,1483_1483.jpg,39-10-26-0380-0020-0240.1483.S.570596.jpg,102639
1484,1484,jpg,1484_1484.jpg,39-10-26-0380-0020-0250.1484.S.570597.jpg,102639
1485,1485,jpg,1485_1485.jpg,39-10-26-0380-0020-0260.1485.S.570598.jpg,102639
1486,1486,jpg,1486_1486.jpg,39-10-26-0380-0020-0270.1486.S.570599.jpg,102639
1487,1487,jpg,1487_1487.jpg,39-10-26-0380-0020-0280.1487.S.570600.jpg,102639
1488,1488,jpg,1488_1488.jpg,39-10-26-0380-0020-0290.1488.S.570601.jpg,102639
148,148,jpg,148_148.jpg,49-09-27-0015-0000-0280.148.S.570602.jpg,092749
1491,1491,jpg,1491_1491.jpg,34-10-26-0380-0030-0020.1491.S.570603.jpg,102634
1494,1494,jpg,1494_1494.jpg,34-10-26-0380-0030-0050.1494.S.570604.jpg,102634
1497,1497,jpg,1497_1497.jpg,34-10-26-0380-0030-0080.1497.S.570605.jpg,102634
1498,1498,jpg,1498_1498.jpg,34-10-26-0380-0030-0090.1498.S.570606.jpg,102634
1499,1499,jpg,1499_1499.jpg,34-10-26-0380-0030-0100.1499.S.570607.jpg,102634
149,149,jpg,149_149.jpg,49-09-27-0015-0000-0281.149.S.570608.jpg,092749
1503,1503,jpg,1503_1503.jpg,34-10-26-0380-0030-0240.1503.S.570609.jpg,102634
1506,1506,jpg,1506_1506.jpg,34-10-26-0380-0030-0270.1506.S.570610.jpg,102634
1508,1508,jpg,1508_1508.jpg,34-10-26-0380-0030-0290.1508.S.570611.jpg,102634
150,150,jpg,150_150.jpg,49-09-27-0015-0000-0290.150.S.570612.jpg,092749
1511,1511,jpg,1511_1511.jpg,39-10-26-0380-0030-0320.1511.S.570613.jpg,102639
1514,1514,jpg,1514_1514.jpg,39-10-26-0380-0040-0030.1514.S.570614.jpg,102639
151,151,jpg,151_151.jpg,49-09-27-0015-0000-0291.151.S.570615.jpg,092749
1521,1521,jpg,1521_1521.jpg,34-10-26-0380-0050-0050.1521.S.570616.jpg,102634
152,152,jpg,152_152.jpg,49-09-27-0015-0000-0300.152.S.570617.jpg,092749
153,153,jpg,153_153.jpg,49-09-27-0015-0000-0301.153.S.570618.jpg,092749
154,154,jpg,154_154.jpg,49-09-27-0015-0000-0310.154.S.570619.jpg,092749
155,155,jpg,155_155.jpg,49-09-27-0015-0000-0311.155.S.570620.jpg,092749
156,156,jpg,156_156.jpg,49-09-27-0015-0000-0320.156.S.570621.jpg,092749
157,157,jpg,157_157.jpg,49-09-27-0015-0000-0321.157.S.570622.jpg,092749
1599,1599,jpg,1599_1599.jpg,12-10-26-0500-0010-0010.1599.S.570623.jpg,102612
159,159,jpg,159_159.jpg,49-09-27-0015-0000-0331.159.S.570624.jpg,092749
15,15,jpg,15_15.jpg,13-08-24-0010-0000-0160.15.S.570625.jpg,082413
1600,1600,jpg,1600_1600.jpg,12-10-26-0500-0010-0020.1600.S.570626.jpg,102612
1601,1601,jpg,1601_1601.jpg,12-10-26-0500-0010-0040.1601.S.570627.jpg,102612
1602,1602,jpg,1602_1602.jpg,12-10-26-0500-0010-0050.1602.S.570628.jpg,102612
1603,1603,jpg,1603_1603.jpg,12-10-26-0500-0020-0010.1603.S.570629.jpg,102612
1604,1604,jpg,1604_1604.jpg,12-10-26-0500-0020-0011.1604.S.570630.jpg,102612
1605,1605,jpg,1605_1605.jpg,12-10-26-0500-0020-0030.1605.S.570631.jpg,102612
1606,1606,jpg,1606_1606.jpg,12-10-26-0500-0020-0040.1606.S.570632.jpg,102612
1607,211069,jpg,1607_211069.jpg,12-10-26-0500-0020-0041.211069.S.570633.jpg,102612
160,160,jpg,160_160.jpg,49-09-27-0015-0000-0340.160.S.570634.jpg,092749
1610,1610,jpg,1610_1610.jpg,12-10-26-0500-0020-0090.1610.S.570635.jpg,102612
1611,1611,jpg,1611_1611.jpg,12-10-26-0500-0020-0100.1611.S.570636.jpg,102612
1612,1612,jpg,1612_1612.jpg,12-10-26-0500-0020-0110.1612.S.570637.jpg,102612
1613,1613,jpg,1613_1613.jpg,12-10-26-0500-0020-0111.1613.S.570638.jpg,102612
1614,1614,jpg,1614_1614.jpg,12-10-26-0500-0020-0112.1614.S.570639.jpg,102612
1615,1615,jpg,1615_1615.jpg,12-10-26-0500-0030-0010.1615.S.570640.jpg,102612
1622,1622,jpg,1622_1622.jpg,12-10-26-0500-0030-0110.1622.S.570641.jpg,102612
1623,1623,jpg,1623_1623.jpg,24-12-27-0510-0000-0010.1623.S.570642.jpg,122724
1623,200136,jpg,1623_200136.jpg,24-12-27-0510-0000-0010.200136.S.570643.jpg,122724
1623,200137,jpg,1623_200137.jpg,24-12-27-0510-0000-0010.200137.S.570644.jpg,122724
1623,200138,jpg,1623_200138.jpg,24-12-27-0510-0000-0010.200138.S.570645.jpg,122724
1623,200139,jpg,1623_200139.jpg,24-12-27-0510-0000-0010.200139.S.570646.jpg,122724
1623,200140,jpg,1623_200140.jpg,24-12-27-0510-0000-0010.200140.S.570647.jpg,122724
1623,200141,jpg,1623_200141.jpg,24-12-27-0510-0000-0010.200141.S.570648.jpg,122724
1623,200142,jpg,1623_200142.jpg,24-12-27-0510-0000-0010.200142.S.570649.jpg,122724
1623,207897,jpg,1623_207897.jpg,24-12-27-0510-0000-0010.207897.S.570650.jpg,122724
1632,1632,jpg,1632_1632.jpg,12-10-26-0520-0010-0160.1632.S.570651.jpg,102612
1635,1635,jpg,1635_1635.jpg,12-10-26-0520-0010-0250.1635.S.570652.jpg,102612
1636,1636,jpg,1636_1636.jpg,12-10-26-0520-0010-0280.1636.S.570653.jpg,102612
1638,1638,jpg,1638_1638.jpg,12-10-26-0520-0020-0030.1638.S.570654.jpg,102612
1639,1639,jpg,1639_1639.jpg,12-10-26-0520-0020-0040.1639.S.570655.jpg,102612
163,163,jpg,163_163.jpg,49-09-27-0015-0000-0361.163.S.570656.jpg,092749
1651,1651,jpg,1651_1651.jpg,12-10-26-0520-0030-0070.1651.S.570657.jpg,102612
1652,1652,jpg,1652_1652.jpg,12-10-26-0520-0030-0090.1652.S.570658.jpg,102612
165,165,jpg,165_165.jpg,49-09-27-0015-0000-0371.165.S.570659.jpg,092749
1660,1660,jpg,1660_1660.jpg,40-12-26-0530-0000-0100.1660.S.570660.jpg,122640
1661,1661,jpg,1661_1661.jpg,40-12-26-0530-0000-0110.1661.S.570661.jpg,122640
1668,1668,jpg,1668_1668.jpg,40-12-26-0530-0000-0180.1668.S.570662.jpg,122640
1669,1669,jpg,1669_1669.jpg,40-12-26-0530-0000-0200.1669.S.570663.jpg,122640
166,166,jpg,166_166.jpg,49-09-27-0015-0000-0380.166.S.570664.jpg,092749
166,211561,jpg,166_211561.jpg,49-09-27-0015-0000-0380.211561.S.570665.jpg,092749
1672,1672,jpg,1672_1672.jpg,40-12-26-0530-0000-0280.1672.S.570666.jpg,122640
1673,1673,jpg,1673_1673.jpg,40-12-26-0530-0000-0300.1673.S.570667.jpg,122640
1674,1674,jpg,1674_1674.jpg,40-12-26-0530-0000-0320.1674.S.570668.jpg,122640
167,167,jpg,167_167.jpg,49-09-27-0015-0000-0390.167.S.570669.jpg,092749
1686,1686,jpg,1686_1686.jpg,40-12-26-0530-0010-1040.1686.S.570670.jpg,122640
1697,1697,jpg,1697_1697.jpg,40-12-26-0530-0010-1310.1697.S.570671.jpg,122640
1699,1699,jpg,1699_1699.jpg,40-12-26-0530-0010-2010.1699.S.570672.jpg,122640
16,16,jpg,16_16.jpg,13-08-24-0010-0000-0170.16.S.570673.jpg,082413
1707,1707,jpg,1707_1707.jpg,40-12-26-0530-0010-2170.1707.S.570674.jpg,122640
170,170,jpg,170_170.jpg,49-09-27-0015-0000-0410.170.S.570675.jpg,092749
1712,1712,jpg,1712_1712.jpg,40-12-26-0530-0010-2300.1712.S.570676.jpg,122640
1713,1713,jpg,1713_1713.jpg,40-12-26-0530-0010-2310.1713.S.570677.jpg,122640
1716,1716,jpg,1716_1716.jpg,40-12-26-0530-0020-1070.1716.S.570678.jpg,122640
1717,1717,jpg,1717_1717.jpg,40-12-26-0530-0020-1110.1717.S.570679.jpg,122640
171,171,jpg,171_171.jpg,49-09-27-0015-0000-0411.171.S.570680.jpg,092749
1723,1723,jpg,1723_1723.jpg,40-12-26-0530-0020-1330.1723.S.570681.jpg,122640
1730,1730,jpg,1730_1730.jpg,40-12-26-0530-0030-2120.1730.S.570682.jpg,122640
1731,1731,jpg,1731_1731.jpg,40-12-26-0530-0030-2130.1731.S.570683.jpg,122640
1733,1733,jpg,1733_1733.jpg,40-12-26-0530-0030-2190.1733.S.570684.jpg,122640
1735,1735,jpg,1735_1735.jpg,40-12-26-0530-0030-2210.1735.S.570685.jpg,122640
1739,1739,jpg,1739_1739.jpg,40-12-26-0530-0030-2270.1739.S.570686.jpg,122640
173,173,jpg,173_173.jpg,49-09-27-0015-0000-0420.173.S.570687.jpg,092749
1743,1743,jpg,1743_1743.jpg,40-12-26-0530-0030-2350.1743.S.570688.jpg,122640
1746,1746,jpg,1746_1746.jpg,16-08-24-0533-0000-0011.1746.S.570689.jpg,082416
174,174,jpg,174_174.jpg,49-09-27-0015-0000-0421.174.S.570690.jpg,092749
1761,1761,jpg,1761_1761.jpg,15-08-24-0534-0000-0030.1761.S.570691.jpg,082415
1783,1783,jpg,1783_1783.jpg,15-08-24-0534-0000-0270.1783.S.570692.jpg,082415
1786,1786,jpg,1786_1786.jpg,15-08-24-0534-0000-0300.1786.S.570693.jpg,082415
1789,1789,jpg,1789_1789.jpg,15-08-24-0534-0000-0330.1789.S.570694.jpg,082415
1794,1794,jpg,1794_1794.jpg,30-09-23-0535-0000-0030.1794.S.570695.jpg,092330
1797,1797,jpg,1797_1797.jpg,30-09-23-0535-0000-0060.1797.S.570696.jpg,092330
1798,1798,jpg,1798_1798.jpg,30-09-23-0535-0000-0070.1798.S.570697.jpg,092330
1800,1800,jpg,1800_1800.jpg,30-09-23-0535-0000-0090.1800.S.570698.jpg,092330
1803,1803,jpg,1803_1803.jpg,30-09-23-0535-0000-0120.1803.S.570699.jpg,092330
1806,1806,jpg,1806_1806.jpg,30-09-23-0535-0000-0150.1806.S.570700.jpg,092330
1810,1810,jpg,1810_1810.jpg,30-09-23-0535-0000-0200.1810.S.570701.jpg,092330
1811,1811,jpg,1811_1811.jpg,24-12-27-0540-0000-0000.1811.S.570702.jpg,122724
189,189,jpg,189_189.jpg,49-09-27-0015-0000-0551.189.S.570703.jpg,092749
18,18,jpg,18_18.jpg,13-08-24-0010-0000-0210.18.S.570704.jpg,082413
190,190,jpg,190_190.jpg,49-09-27-0015-0000-0560.190.S.570705.jpg,092749
191,191,jpg,191_191.jpg,49-09-27-0015-0000-0580.191.S.570706.jpg,092749
192,192,jpg,192_192.jpg,49-09-27-0015-0000-0590.192.S.570707.jpg,092749
194,194,jpg,194_194.jpg,49-09-27-0015-0000-0601.194.S.570708.jpg,092749
195,195,jpg,195_195.jpg,49-09-27-0015-0000-0610.195.S.570709.jpg,092749
197,197,jpg,197_197.jpg,49-09-27-0015-0000-0630.197.S.570710.jpg,092749
200,200,jpg,200_200.jpg,49-09-27-0015-0000-0660.200.S.570711.jpg,092749
201,201,jpg,201_201.jpg,49-09-27-0015-0000-0670.201.S.570712.jpg,092749
202,202,jpg,202_202.jpg,49-09-27-0015-0000-0680.202.S.570713.jpg,092749
203,203,jpg,203_203.jpg,49-09-27-0015-0000-0690.203.S.570714.jpg,092749
205,205,jpg,205_205.jpg,49-09-27-0015-0000-0710.205.S.570715.jpg,092749
206,206,jpg,206_206.jpg,49-09-27-0015-0000-0720.206.S.570716.jpg,092749
207,207,jpg,207_207.jpg,49-09-27-0015-0000-0730.207.S.570717.jpg,092749
208,208,jpg,208_208.jpg,49-09-27-0015-0000-0740.208.S.570718.jpg,092749
209,209,jpg,209_209.jpg,49-09-27-0015-0000-0750.209.S.570719.jpg,092749
213,213,jpg,213_213.jpg,49-09-27-0015-0000-0780.213.S.570720.jpg,092749
214,214,jpg,214_214.jpg,49-09-27-0015-0000-0790.214.S.570721.jpg,092749
217,217,jpg,217_217.jpg,11-10-26-0040-0000-0020.217.S.570722.jpg,102611
222,222,jpg,222_222.jpg,11-10-26-0040-0000-0070.222.S.570723.jpg,102611
224,224,jpg,224_224.jpg,11-10-26-0040-0000-0090.224.S.570724.jpg,102611
225,225,jpg,225_225.jpg,11-10-26-0040-0000-0100.225.S.570725.jpg,102611
22,22,jpg,22_22.jpg,13-08-24-0010-0000-0250.22.S.570726.jpg,082413
233,233,jpg,233_233.jpg,11-10-26-0040-0000-0180.233.S.570727.jpg,102611
234,234,jpg,234_234.jpg,11-10-26-0040-0000-0190.234.S.570728.jpg,102611
236,236,jpg,236_236.jpg,11-10-26-0040-0000-0210.236.S.570729.jpg,102611
23,23,jpg,23_23.jpg,13-08-24-0010-0000-0260.23.S.570730.jpg,082413
242,242,jpg,242_242.jpg,05-10-27-0070-0010-0130.242.S.570731.jpg,102705
247,247,jpg,247_247.jpg,05-10-27-0070-0010-0200.247.S.570732.jpg,102705
24,24,jpg,24_24.jpg,13-08-24-0010-0000-0270.24.S.570733.jpg,082413
259,259,jpg,259_259.jpg,05-10-27-0070-0020-0100.259.S.570734.jpg,102705
25,211363,jpg,25_211363.jpg,13-08-24-0010-0000-0280.211363.S.570735.jpg,082413
261,261,jpg,261_261.jpg,05-10-27-0070-0020-0130.261.S.570736.jpg,102705
269,269,jpg,269_269.jpg,17-09-23-0100-0010-0020.269.S.570737.jpg,092317
276,276,jpg,276_276.jpg,17-09-23-0100-0010-0090.276.S.570738.jpg,092317
278,278,jpg,278_278.jpg,17-09-23-0100-0010-0110.278.S.570739.jpg,092317
288,288,jpg,288_288.jpg,17-09-23-0100-0010-0200.288.S.570740.jpg,092317
296,296,jpg,296_296.jpg,17-09-23-0100-0010-0300.296.S.570741.jpg,092317
297,211740,jpg,297_211740.jpg,17-09-23-0100-0010-0310.211740.S.570742.jpg,092317
299,299,jpg,299_299.jpg,17-09-23-0100-0010-0312.299.S.570743.jpg,092317
2,2,jpg,2_2.jpg,13-08-24-0010-0000-0020.2.S.570744.jpg,082413
304,304,jpg,304_304.jpg,17-09-23-0100-0020-0070.304.S.570745.jpg,092317
305,305,jpg,305_305.jpg,17-09-23-0100-0020-0080.305.S.570746.jpg,092317
306,306,jpg,306_306.jpg,17-09-23-0100-0020-0090.306.S.570747.jpg,092317
30,30,jpg,30_30.jpg,13-08-24-0010-0000-0330.30.S.570748.jpg,082413
313,313,jpg,313_313.jpg,20-09-23-0100-0020-0160.313.S.570749.jpg,092320
314,314,jpg,314_314.jpg,20-09-23-0100-0020-0170.314.S.570750.jpg,092320
315,315,jpg,315_315.jpg,20-09-23-0100-0020-0180.315.S.570751.jpg,092320
318,318,jpg,318_318.jpg,20-09-23-0100-0020-0210.318.S.570752.jpg,092320
31,31,jpg,31_31.jpg,13-08-24-0010-0000-0340.31.S.570753.jpg,082413
323,323,jpg,323_323.jpg,20-09-23-0100-0020-0260.323.S.570754.jpg,092320
324,324,jpg,324_324.jpg,20-09-23-0100-0020-0270.324.S.570755.jpg,092320
327,327,jpg,327_327.jpg,17-09-23-0100-0020-0300.327.S.570756.jpg,092317
344,344,jpg,344_344.jpg,17-09-23-0100-0040-0010.344.S.570757.jpg,092317
348,348,jpg,348_348.jpg,17-09-23-0100-0040-0050.348.S.570758.jpg,092317
355,355,jpg,355_355.jpg,17-09-23-0100-0050-0010.355.S.570759.jpg,092317
356,356,jpg,356_356.jpg,17-09-23-0100-0050-0020.356.S.570760.jpg,092317
358,200043,jpg,358_200043.jpg,17-09-23-0100-0060-0020.200043.S.570761.jpg,092317
358,208794,jpg,358_208794.jpg,17-09-23-0100-0060-0020.208794.S.570762.jpg,092317
358,358,jpg,358_358.jpg,17-09-23-0100-0060-0020.358.S.570763.jpg,092317
35,35,jpg,35_35.jpg,48-09-27-0013-0010-0011.35.S.570764.jpg,092748
363,363,jpg,363_363.jpg,17-09-23-0100-0070-0020.363.S.570765.jpg,092317
366,366,jpg,366_366.jpg,17-09-23-0100-0070-0050.366.S.570766.jpg,092317
369,369,jpg,369_369.jpg,17-09-23-0100-0070-0080.369.S.570767.jpg,092317
370,370,jpg,370_370.jpg,17-09-23-0100-0070-0090.370.S.570768.jpg,092317
375,375,jpg,375_375.jpg,17-09-23-0100-0070-0140.375.S.570769.jpg,092317
376,376,jpg,376_376.jpg,17-09-23-0100-0080-0010.376.S.570770.jpg,092317
379,379,jpg,379_379.jpg,17-09-23-0100-0090-0020.379.S.570771.jpg,092317
37,37,jpg,37_37.jpg,48-09-27-0013-0010-0013.37.S.570772.jpg,092748
384,384,jpg,384_384.jpg,17-09-23-0100-0100-0040.384.S.570773.jpg,092317
385,385,jpg,385_385.jpg,17-09-23-0100-0100-0050.385.S.570774.jpg,092317
386,211939,jpg,386_211939.jpg,17-09-23-0100-0100-0061.211939.S.570775.jpg,092317
38,38,jpg,38_38.jpg,48-09-27-0013-0010-0014.38.S.570776.jpg,092748
392,211254,jpg,392_211254.jpg,17-09-23-0100-0110-0010.211254.S.570777.jpg,092317
393,393,jpg,393_393.jpg,17-09-23-0100-0110-0020.393.S.570778.jpg,092317
394,394,jpg,394_394.jpg,17-09-23-0100-0110-0030.394.S.570779.jpg,092317
395,395,jpg,395_395.jpg,17-09-23-0100-0110-0040.395.S.570780.jpg,092317
396,396,jpg,396_396.jpg,17-09-23-0100-0110-0050.396.S.570781.jpg,092317
397,397,jpg,397_397.jpg,17-09-23-0100-0120-0010.397.S.570782.jpg,092317
3,3,jpg,3_3.jpg,13-08-24-0010-0000-0030.3.S.570783.jpg,082413
409,409,jpg,409_409.jpg,20-09-23-0100-0140-0030.409.S.570784.jpg,092320
413,413,jpg,413_413.jpg,20-09-23-0100-0150-0050.413.S.570785.jpg,092320
417,200045,jpg,417_200045.jpg,20-09-23-0100-0160-0020.200045.S.570786.jpg,092320
41,41,jpg,41_41.jpg,48-09-27-0013-0010-0040.41.S.570787.jpg,092748
422,422,jpg,422_422.jpg,19-09-23-0100-0160-0070.422.S.570788.jpg,092319
423,423,jpg,423_423.jpg,19-09-23-0100-0170-0010.423.S.570789.jpg,092319
42,42,jpg,42_42.jpg,48-09-27-0013-0010-0041.42.S.570790.jpg,092748
434,434,jpg,434_434.jpg,19-09-23-0100-0190-0020.434.S.570791.jpg,092319
439,439,jpg,439_439.jpg,19-09-23-0100-0190-0070.439.S.570792.jpg,092319
442,442,jpg,442_442.jpg,19-09-23-0100-0190-0100.442.S.570793.jpg,092319
443,211405,jpg,443_211405.jpg,19-09-23-0100-0190-0110.211405.S.570794.jpg,092319
445,445,jpg,445_445.jpg,19-09-23-0100-0190-0130.445.S.570795.jpg,092319
447,447,jpg,447_447.jpg,19-09-23-0100-0190-0150.447.S.570796.jpg,092319
448,448,jpg,448_448.jpg,19-09-23-0100-0190-0160.448.S.570797.jpg,092319
450,211938,jpg,450_211938.jpg,19-09-23-0100-0200-0020.211938.S.570798.jpg,092319
452,452,jpg,452_452.jpg,19-09-23-0100-0200-0040.452.S.570799.jpg,092319
456,211937,jpg,456_211937.jpg,19-09-23-0100-0200-0080.211937.S.570800.jpg,092319
457,457,jpg,457_457.jpg,19-09-23-0100-0200-0090.457.S.570801.jpg,092319
459,459,jpg,459_459.jpg,19-09-23-0100-0200-0120.459.S.570802.jpg,092319
460,200047,jpg,460_200047.jpg,19-09-23-0100-0200-0130.200047.S.570803.jpg,092319
460,460,jpg,460_460.jpg,19-09-23-0100-0200-0130.460.S.570804.jpg,092319
461,461,jpg,461_461.jpg,19-09-23-0100-0200-0140.461.S.570805.jpg,092319
465,465,jpg,465_465.jpg,19-09-23-0100-0210-0010.465.S.570806.jpg,092319
466,466,jpg,466_466.jpg,19-09-23-0100-0210-0020.466.S.570807.jpg,092319
476,476,jpg,476_476.jpg,18-09-23-0100-0210-0140.476.S.570808.jpg,092318
477,477,jpg,477_477.jpg,18-09-23-0100-0210-0150.477.S.570809.jpg,092318
47,47,jpg,47_47.jpg,48-09-27-0013-0010-0072.47.S.570810.jpg,092748
480,480,jpg,480_480.jpg,18-09-23-0100-0220-0020.480.S.570811.jpg,092318
481,481,jpg,481_481.jpg,18-09-23-0100-0220-0030.481.S.570812.jpg,092318
489,211799,jpg,489_211799.jpg,19-09-23-0100-0220-0120.211799.S.570813.jpg,092319
492,492,jpg,492_492.jpg,19-09-23-0100-0220-0150.492.S.570814.jpg,092319
497,497,jpg,497_497.jpg,20-09-23-0100-0220-0200.497.S.570815.jpg,092320
4,4,jpg,4_4.jpg,13-08-24-0010-0000-0040.4.S.570816.jpg,082413
511,511,jpg,511_511.jpg,24-10-23-0120-0000-0141.511.S.570817.jpg,102324
513,513,jpg,513_513.jpg,24-10-23-0120-0000-0160.513.S.570818.jpg,102324
520,520,jpg,520_520.jpg,10-10-24-0150-0070-0280.520.S.570819.jpg,102410
522,522,jpg,522_522.jpg,10-10-24-0150-0070-0282.522.S.570820.jpg,102410
530,530,jpg,530_530.jpg,32-11-27-0170-0010-0038.530.S.570821.jpg,112732
533,533,jpg,533_533.jpg,32-11-27-0170-0010-0050.533.S.570822.jpg,112732
534,534,jpg,534_534.jpg,32-11-27-0170-0010-0051.534.S.570823.jpg,112732
536,536,jpg,536_536.jpg,32-11-27-0170-0010-0080.536.S.570824.jpg,112732
537,200056,jpg,537_200056.jpg,32-11-27-0170-0010-0081.200056.S.570825.jpg,112732
537,212077,jpg,537_212077.jpg,32-11-27-0170-0010-0081.212077.S.570826.jpg,112732
537,537,jpg,537_537.jpg,32-11-27-0170-0010-0081.537.S.570827.jpg,112732
538,538,jpg,538_538.jpg,32-11-27-0170-0010-0091.538.S.570828.jpg,112732
53,53,jpg,53_53.jpg,48-09-27-0013-0010-0120.53.S.570829.jpg,092748
541,211893,jpg,541_211893.jpg,32-11-27-0170-0010-0131.211893.S.570830.jpg,112732
542,542,jpg,542_542.jpg,32-11-27-0170-0010-0132.542.S.570831.jpg,112732
544,544,jpg,544_544.jpg,32-11-27-0170-0010-0400.544.S.570832.jpg,112732
546,546,jpg,546_546.jpg,32-11-27-0170-0010-0420.546.S.570833.jpg,112732
547,547,jpg,547_547.jpg,32-11-27-0170-0010-0430.547.S.570834.jpg,112732
555,555,jpg,555_555.jpg,32-11-27-0170-0020-0012.555.S.570835.jpg,112732
556,211653,jpg,556_211653.jpg,32-11-27-0170-0020-0013.211653.S.570836.jpg,112732
556,556,jpg,556_556.jpg,32-11-27-0170-0020-0013.556.S.570837.jpg,112732
560,560,jpg,560_560.jpg,32-11-27-0170-0020-0017.560.S.570838.jpg,112732
563,563,jpg,563_563.jpg,32-11-27-0170-0020-0020.563.S.570839.jpg,112732
570,570,jpg,570_570.jpg,32-11-27-0170-0020-0034.570.S.570840.jpg,112732
577,577,jpg,577_577.jpg,32-11-27-0170-0020-0081.577.S.570841.jpg,112732
582,582,jpg,582_582.jpg,32-11-27-0170-0020-0160.582.S.570842.jpg,112732
586,586,jpg,586_586.jpg,32-11-27-0170-0020-1000.586.S.570843.jpg,112732
592,592,jpg,592_592.jpg,32-11-27-0170-0020-1300.592.S.570844.jpg,112732
593,200087,jpg,593_200087.jpg,32-11-27-0170-0020-1310.200087.S.570845.jpg,112732
593,593,jpg,593_593.jpg,32-11-27-0170-0020-1310.593.S.570846.jpg,112732
597,597,jpg,597_597.jpg,32-11-27-0170-0020-1380.597.S.570847.jpg,112732
598,598,jpg,598_598.jpg,32-11-27-0170-0020-1400.598.S.570848.jpg,112732
59,200018,jpg,59_200018.jpg,48-09-27-0013-0010-0170.200018.S.570849.jpg,092748
59,200019,jpg,59_200019.jpg,48-09-27-0013-0010-0170.200019.S.570850.jpg,092748
59,59,jpg,59_59.jpg,48-09-27-0013-0010-0170.59.S.570851.jpg,092748
600,600,jpg,600_600.jpg,32-11-27-0170-0020-1410.600.S.570852.jpg,112732
607,607,jpg,607_607.jpg,32-11-27-0170-0040-0030.607.S.570853.jpg,112732
611,611,jpg,611_611.jpg,32-11-27-0170-0040-0060.611.S.570854.jpg,112732
619,619,jpg,619_619.jpg,32-11-27-0170-0040-0110.619.S.570855.jpg,112732
621,621,jpg,621_621.jpg,32-11-27-0170-0040-0112.621.S.570856.jpg,112732
622,622,jpg,622_622.jpg,32-11-27-0170-0040-0113.622.S.570857.jpg,112732
624,624,jpg,624_624.jpg,32-11-27-0170-0040-0121.624.S.570858.jpg,112732
63,63,jpg,63_63.jpg,48-09-27-0013-0010-0190.63.S.570859.jpg,092748
642,642,jpg,642_642.jpg,32-11-27-0170-0090-0010.642.S.570860.jpg,112732
647,647,jpg,647_647.jpg,32-11-27-0170-0090-0015.647.S.570861.jpg,112732
652,652,jpg,652_652.jpg,32-11-27-0170-0090-0032.652.S.570862.jpg,112732
655,655,jpg,655_655.jpg,32-11-27-0170-0100-0010.655.S.570863.jpg,112732
664,664,jpg,664_664.jpg,32-11-27-0170-0100-0030.664.S.570864.jpg,112732
666,666,jpg,666_666.jpg,32-11-27-0170-0100-0041.666.S.570865.jpg,112732
667,667,jpg,667_667.jpg,32-11-27-0170-0100-0050.667.S.570866.jpg,112732
669,669,jpg,669_669.jpg,32-11-27-0170-0100-0070.669.S.570867.jpg,112732
676,676,jpg,676_676.jpg,32-11-27-0170-0120-0020.676.S.570868.jpg,112732
67,67,jpg,67_67.jpg,48-09-27-0013-0010-0231.67.S.570869.jpg,092748
696,696,jpg,696_696.jpg,32-11-27-0170-0160-0011.696.S.570870.jpg,112732
698,698,jpg,698_698.jpg,32-11-27-0170-0160-0013.698.S.570871.jpg,112732
6,6,jpg,6_6.jpg,13-08-24-0010-0000-0060.6.S.570872.jpg,082413
700,700,jpg,700_700.jpg,32-11-27-0170-0160-0015.700.S.570873.jpg,112732
707,707,jpg,707_707.jpg,32-11-27-0170-0160-0070.707.S.570874.jpg,112732
708,708,jpg,708_708.jpg,32-11-27-0170-0160-0090.708.S.570875.jpg,112732
714,714,jpg,714_714.jpg,32-11-27-0170-0170-0040.714.S.570876.jpg,112732
717,209147,jpg,717_209147.jpg,32-11-27-0170-0170-0044.209147.S.570877.jpg,112732
717,717,jpg,717_717.jpg,32-11-27-0170-0170-0044.717.S.570878.jpg,112732
718,718,jpg,718_718.jpg,32-11-27-0170-0170-0050.718.S.570879.jpg,112732
721,721,jpg,721_721.jpg,32-11-27-0170-0180-0010.721.S.570880.jpg,112732
725,725,jpg,725_725.jpg,32-11-27-0170-0180-0033.725.S.570881.jpg,112732
727,727,jpg,727_727.jpg,32-11-27-0170-0180-0041.727.S.570882.jpg,112732
730,730,jpg,730_730.jpg,32-11-27-0170-0180-0060.730.S.570883.jpg,112732
731,731,jpg,731_731.jpg,32-11-27-0170-0180-0061.731.S.570884.jpg,112732
73,73,jpg,73_73.jpg,48-09-27-0013-0010-0270.73.S.570885.jpg,092748
752,752,jpg,752_752.jpg,32-11-27-0170-0210-0030.752.S.570886.jpg,112732
75,75,jpg,75_75.jpg,48-09-27-0013-0010-0280.75.S.570887.jpg,092748
771,771,jpg,771_771.jpg,12-10-26-0210-0000-0030.771.S.570888.jpg,102612
772,772,jpg,772_772.jpg,12-10-26-0210-0000-0040.772.S.570889.jpg,102612
774,774,jpg,774_774.jpg,12-10-26-0210-0000-0060.774.S.570890.jpg,102612
777,777,jpg,777_777.jpg,12-10-26-0210-0000-0090.777.S.570891.jpg,102612
782,782,jpg,782_782.jpg,12-10-26-0210-0000-0150.782.S.570892.jpg,102612
784,784,jpg,784_784.jpg,12-10-26-0210-0000-0160.784.S.570893.jpg,102612
785,785,jpg,785_785.jpg,12-10-26-0210-0000-0170.785.S.570894.jpg,102612
786,786,jpg,786_786.jpg,12-10-26-0210-0000-0180.786.S.570895.jpg,102612
789,789,jpg,789_789.jpg,12-10-26-0210-0000-0210.789.S.570896.jpg,102612
78,78,jpg,78_78.jpg,49-09-27-0014-3620-0110.78.S.570897.jpg,092749
791,791,jpg,791_791.jpg,12-10-26-0210-0000-0230.791.S.570898.jpg,102612
792,792,jpg,792_792.jpg,12-10-26-0210-0000-0240.792.S.570899.jpg,102612
793,793,jpg,793_793.jpg,12-10-26-0210-0000-0250.793.S.570900.jpg,102612
794,794,jpg,794_794.jpg,12-10-26-0210-0000-0260.794.S.570901.jpg,102612
795,795,jpg,795_795.jpg,12-10-26-0210-0000-0270.795.S.570902.jpg,102612
796,796,jpg,796_796.jpg,12-10-26-0210-0000-0280.796.S.570903.jpg,102612
797,797,jpg,797_797.jpg,12-10-26-0210-0000-0290.797.S.570904.jpg,102612
798,798,jpg,798_798.jpg,12-10-26-0210-0000-0300.798.S.570905.jpg,102612
799,799,jpg,799_799.jpg,12-10-26-0210-0000-0310.799.S.570906.jpg,102612
801,801,jpg,801_801.jpg,12-10-26-0210-0000-0330.801.S.570907.jpg,102612
805,805,jpg,805_805.jpg,12-10-26-0210-0000-0370.805.S.570908.jpg,102612
807,807,jpg,807_807.jpg,12-10-26-0210-0000-0390.807.S.570909.jpg,102612
808,808,jpg,808_808.jpg,12-10-26-0210-0000-0400.808.S.570910.jpg,102612
810,810,jpg,810_810.jpg,12-10-26-0210-0000-0420.810.S.570911.jpg,102612
812,812,jpg,812_812.jpg,20-10-26-0211-0000-0010.812.S.570912.jpg,102620
813,813,jpg,813_813.jpg,20-10-26-0211-0000-0020.813.S.570913.jpg,102620
814,814,jpg,814_814.jpg,20-10-26-0211-0000-0030.814.S.570914.jpg,102620
815,815,jpg,815_815.jpg,20-10-26-0211-0000-0040.815.S.570915.jpg,102620
816,816,jpg,816_816.jpg,20-10-26-0211-0000-0050.816.S.570916.jpg,102620
817,817,jpg,817_817.jpg,20-10-26-0211-0000-0060.817.S.570917.jpg,102620
818,818,jpg,818_818.jpg,20-10-26-0211-0000-0070.818.S.570918.jpg,102620
819,819,jpg,819_819.jpg,20-10-26-0211-0000-0090.819.S.570919.jpg,102620
81,81,jpg,81_81.jpg,49-09-27-0014-3620-0130.81.S.570920.jpg,092749
820,820,jpg,820_820.jpg,20-10-26-0211-0000-0100.820.S.570921.jpg,102620
821,821,jpg,821_821.jpg,20-10-26-0211-0000-0110.821.S.570922.jpg,102620
822,822,jpg,822_822.jpg,20-10-26-0211-0000-0120.822.S.570923.jpg,102620
823,823,jpg,823_823.jpg,20-10-26-0211-0000-0130.823.S.570924.jpg,102620
824,824,jpg,824_824.jpg,20-10-26-0211-0000-0140.824.S.570925.jpg,102620
826,826,jpg,826_826.jpg,49-09-27-0220-0010-0010.826.S.570926.jpg,092749
828,828,jpg,828_828.jpg,49-09-27-0220-0030-0010.828.S.570927.jpg,092749
830,830,jpg,830_830.jpg,49-09-27-0220-0030-0060.830.S.570928.jpg,092749
832,832,jpg,832_832.jpg,49-09-27-0220-0030-0062.832.S.570929.jpg,092749
833,833,jpg,833_833.jpg,49-09-27-0220-0030-0063.833.S.570930.jpg,092749
835,835,jpg,835_835.jpg,49-09-27-0220-0030-0070.835.S.570931.jpg,092749
836,836,jpg,836_836.jpg,49-09-27-0220-0030-0072.836.S.570932.jpg,092749
838,838,jpg,838_838.jpg,49-09-27-0220-0030-0081.838.S.570933.jpg,092749
83,83,jpg,83_83.jpg,49-09-27-0014-3620-0140.83.S.570934.jpg,092749
841,841,jpg,841_841.jpg,49-09-27-0220-0030-0085.841.S.570935.jpg,092749
844,844,jpg,844_844.jpg,49-09-27-0220-0030-0100.844.S.570936.jpg,092749
845,845,jpg,845_845.jpg,49-09-27-0220-0030-0120.845.S.570937.jpg,092749
849,849,jpg,849_849.jpg,49-09-27-0220-0040-0090.849.S.570938.jpg,092749
850,850,jpg,850_850.jpg,49-09-27-0220-0040-0100.850.S.570939.jpg,092749
855,855,jpg,855_855.jpg,01-10-26-0250-0010-0060.855.S.570940.jpg,102601
856,856,jpg,856_856.jpg,01-10-26-0250-0020-0010.856.S.570941.jpg,102601
858,858,jpg,858_858.jpg,01-10-26-0250-0020-0050.858.S.570942.jpg,102601
85,85,jpg,85_85.jpg,48-09-27-0014-3620-0150.85.S.570943.jpg,092748
860,860,jpg,860_860.jpg,01-10-26-0250-0020-0080.860.S.570944.jpg,102601
86,86,jpg,86_86.jpg,48-09-27-0014-3620-0170.86.S.570945.jpg,092748
870,870,jpg,870_870.jpg,01-10-26-0250-0050-0030.870.S.570946.jpg,102601
872,872,jpg,872_872.jpg,01-10-26-0250-0050-0070.872.S.570947.jpg,102601
881,881,jpg,881_881.jpg,01-10-26-0250-0070-0040.881.S.570948.jpg,102601
882,882,jpg,882_882.jpg,01-10-26-0250-0070-0050.882.S.570949.jpg,102601
889,889,jpg,889_889.jpg,01-10-26-0250-0090-0010.889.S.570950.jpg,102601
892,892,jpg,892_892.jpg,01-10-26-0250-0090-0050.892.S.570951.jpg,102601
8,8,jpg,8_8.jpg,13-08-24-0010-0000-0090.8.S.570952.jpg,082413
904,904,jpg,904_904.jpg,01-10-26-0250-0100-0130.904.S.570953.jpg,102601
906,906,jpg,906_906.jpg,01-10-26-0250-0100-0160.906.S.570954.jpg,102601
911,911,jpg,911_911.jpg,01-10-26-0250-0110-0050.911.S.570955.jpg,102601
912,912,jpg,912_912.jpg,01-10-26-0250-0110-0060.912.S.570956.jpg,102601
916,916,jpg,916_916.jpg,01-10-26-0250-0120-0040.916.S.570957.jpg,102601
917,917,jpg,917_917.jpg,01-10-26-0250-0120-0050.917.S.570958.jpg,102601
923,923,jpg,923_923.jpg,01-10-26-0250-0140-0040.923.S.570959.jpg,102601
929,929,jpg,929_929.jpg,01-10-26-0250-0160-0010.929.S.570960.jpg,102601
933,933,jpg,933_933.jpg,01-10-26-0250-0190-0000.933.S.570961.jpg,102601
949,949,jpg,949_949.jpg,01-10-26-0250-0260-0120.949.S.570962.jpg,102601
94,94,jpg,94_94.jpg,48-09-27-0014-4920-0070.94.S.570963.jpg,092748
951,951,jpg,951_951.jpg,01-10-26-0250-0270-0010.951.S.570964.jpg,102601
961,961,jpg,961_961.jpg,01-10-26-0250-0290-0040.961.S.570965.jpg,102601
964,964,jpg,964_964.jpg,01-10-26-0250-0290-0110.964.S.570966.jpg,102601
966,966,jpg,966_966.jpg,01-10-26-0250-0300-0020.966.S.570967.jpg,102601
967,967,jpg,967_967.jpg,01-10-26-0250-0300-0030.967.S.570968.jpg,102601
96,96,jpg,96_96.jpg,48-09-27-0014-4920-0080.96.S.570969.jpg,092748
977,977,jpg,977_977.jpg,01-10-26-0250-0320-0010.977.S.570970.jpg,102601
97,97,jpg,97_97.jpg,48-09-27-0014-4920-0090.97.S.570971.jpg,092748
98,98,jpg,98_98.jpg,48-09-27-0014-4920-0091.98.S.570972.jpg,092748
994,994,jpg,994_994.jpg,01-10-26-0250-0330-0120.994.S.570973.jpg,102601
996,211553,jpg,996_211553.jpg,01-10-26-0250-0340-0020.211553.S.570974.jpg,102601
999,999,jpg,999_999.jpg,01-10-26-0250-0350-0010.999.S.570975.jpg,102601
